file,schema,table,field
DB_Dashboard - Participant Data.sql,person_rpt,person,global_client_id
DB_Dashboard - Participant Data.sql,person_rpt,person,global_person_id
DB_Dashboard - Participant Data.sql,person_rpt,person,client_id
DB_Dashboard - Participant Data.sql,person_rpt,person,client_id_string
DB_Dashboard - Participant Data.sql,person_rpt,person,gender
DB_Dashboard - Participant Data.sql,person_rpt,person,union_name
DB_Dashboard - Participant Data.sql,person_rpt,person,platform_id
DB_Dashboard - Participant Data.sql,person_rpt,person,platform_person_internal_id
DB_Dashboard - Participant Data.sql,person_rpt,person,person_reason_code
DB_Dashboard - Participant Data.sql,person_rpt,person,begin_date
DB_Dashboard - Participant Data.sql,person_rpt,person,end_date
DB_Dashboard - Participant Data.sql,person_rpt,person,row_level_security_filter_value
DB_Dashboard - Participant Data.sql,person_rpt,person,('1800-01-01'
DB_Dashboard - Participant Data.sql,person_rpt,person,'1900-01-01'
DB_Dashboard - Participant Data.sql,person_rpt,person,'1901-01-01'
DB_Dashboard - Participant Data.sql,person_rpt,person,'1910-01-01'
DB_Dashboard - Participant Data.sql,person_rpt,person,'1930-01-01'
DB_Dashboard - Participant Data.sql,person_rpt,person,birth_date
DB_Dashboard - Participant Data.sql,person_rpt,person,LAST_NM
DB_Dashboard - Participant Data.sql,person_rpt,person,FRST_NM
DB_Dashboard - Participant Data.sql,person_rpt,person,MID_NM
DB_Dashboard - Participant Data.sql,person_rpt,person,BAD_ADDR_IND_CD
DB_Dashboard - Participant Data.sql,person_rpt,person,(mv_person)
DB_Dashboard - Participant Data.sql,person_rpt,person_employment,global_client_id
DB_Dashboard - Participant Data.sql,person_rpt,person_employment,global_person_id
DB_Dashboard - Participant Data.sql,person_rpt,person_employment,client_id
DB_Dashboard - Participant Data.sql,person_rpt,person_employment,platform_person_internal_id
DB_Dashboard - Participant Data.sql,person_rpt,person_employment,platform_id
DB_Dashboard - Participant Data.sql,person_rpt,person_employment,employment_status
DB_Dashboard - Participant Data.sql,person_rpt,person_employment,employment_status_roll_up_1
DB_Dashboard - Participant Data.sql,person_rpt,person_employment,fulltime_parttime_status
DB_Dashboard - Participant Data.sql,person_rpt,person_employment,(expected_annual_base_salary
DB_Dashboard - Participant Data.sql,person_rpt,person_employment,numeric
DB_Dashboard - Participant Data.sql,person_rpt,person_employment,expected_annual_base_salary
DB_Dashboard - Participant Data.sql,person_rpt,person_employment,hourly_salary_status
DB_Dashboard - Participant Data.sql,person_rpt,person_employment,effective_begin_date
DB_Dashboard - Participant Data.sql,person_rpt,person_employment,hire_date
DB_Dashboard - Participant Data.sql,person_rpt,person_employment,termination_date
DB_Dashboard - Participant Data.sql,person_rpt,person_employment,employee_id
DB_Dashboard - Participant Data.sql,person_rpt,person_employment,(mv_person_employment)
DB_Dashboard - Participant Data.sql,adlfound_itg,standard_rollups_lookup,(mv_person_employment)
DB_Dashboard - Participant Data.sql,person_itg,person_custom_filter,*
DB_Dashboard - Participant Data.sql,person_itg,person_custom_filter,(pcf)
DB_Dashboard - Participant Data.sql,e,termination_date,global_client_id
DB_Dashboard - Participant Data.sql,e,termination_date,platform_id
DB_Dashboard - Participant Data.sql,e,termination_date,global_person_id
DB_Dashboard - Participant Data.sql,e,termination_date,client_id
DB_Dashboard - Participant Data.sql,e,termination_date,client_id_string
DB_Dashboard - Participant Data.sql,e,termination_date,platform_person_internal_id
DB_Dashboard - Participant Data.sql,e,termination_date,row_level_security_filter_value
DB_Dashboard - Participant Data.sql,e,termination_date,salary
DB_Dashboard - Participant Data.sql,e,termination_date,hourly_salary_status
DB_Dashboard - Participant Data.sql,e,termination_date,fulltime_parttime_status
DB_Dashboard - Participant Data.sql,e,termination_date,employment_status
DB_Dashboard - Participant Data.sql,e,termination_date,begin_date
DB_Dashboard - Participant Data.sql,e,termination_date,end_date
DB_Dashboard - Participant Data.sql,e,termination_date,person_reason_code
DB_Dashboard - Participant Data.sql,e,termination_date,union_name
DB_Dashboard - Participant Data.sql,e,termination_date,gender
DB_Dashboard - Participant Data.sql,e,termination_date,FRST_NM
DB_Dashboard - Participant Data.sql,e,termination_date,MID_NM
DB_Dashboard - Participant Data.sql,e,termination_date,LAST_NM
DB_Dashboard - Participant Data.sql,e,termination_date,birth_date
DB_Dashboard - Participant Data.sql,e,termination_date,EXTRACT(YEAR
DB_Dashboard - Participant Data.sql,e,termination_date,(person)
DB_Dashboard - Participant Data.sql,,mv_person,(person)
DB_Dashboard - Participant Data.sql,,mv_person_employment,(person)
DB_Dashboard - Participant Data.sql,,pcf,(person)
DB_Dashboard - Participant Data.sql,adlfound_itg,standard_ranges_lookup,standard_group_key
DB_Dashboard - Participant Data.sql,adlfound_itg,standard_ranges_lookup,standard_display_value
DB_Dashboard - Participant Data.sql,adlfound_itg,standard_ranges_lookup,standard_min
DB_Dashboard - Participant Data.sql,adlfound_itg,standard_ranges_lookup,standard_max
DB_Dashboard - Participant Data.sql,adlfound_itg,standard_ranges_lookup,OWNER
DB_Dashboard - Participant Data.sql,adlfound_itg,standard_ranges_lookup,(range_lookup)
DB_Dashboard - Participant Data.sql,,person,client_id
DB_Dashboard - Participant Data.sql,,person,platform_id
DB_Dashboard - Participant Data.sql,,person,client_id_string
DB_Dashboard - Participant Data.sql,,person,platform_person_internal_id
DB_Dashboard - Participant Data.sql,,person,salary
DB_Dashboard - Participant Data.sql,,person,SALARY_RANGE
DB_Dashboard - Participant Data.sql,,person,hourly_salary_status
DB_Dashboard - Participant Data.sql,,person,fulltime_parttime_status
DB_Dashboard - Participant Data.sql,,person,begin_date
DB_Dashboard - Participant Data.sql,,person,end_date
DB_Dashboard - Participant Data.sql,,person,employment_status
DB_Dashboard - Participant Data.sql,,person,person_reason_code
DB_Dashboard - Participant Data.sql,,person,union_name
DB_Dashboard - Participant Data.sql,,person,gender
DB_Dashboard - Participant Data.sql,,person,age
DB_Dashboard - Participant Data.sql,,person,AGE_RANGE
DB_Dashboard - Participant Data.sql,,person,tenure
DB_Dashboard - Participant Data.sql,,person,TENURE_RANGE
DB_Dashboard - Participant Data.sql,,person,row_level_security_filter_value
DB_Dashboard - Participant Data.sql,,person,custom_filter_1
DB_Dashboard - Participant Data.sql,,person,custom_filter_2
DB_Dashboard - Participant Data.sql,,person,custom_filter_3
DB_Dashboard - Participant Data.sql,,person,custom_filter_4
DB_Dashboard - Participant Data.sql,,person,custom_filter_5
DB_Dashboard - Participant Data.sql,,person,BAD_ADDR_IND_CD
DB_Dashboard - Participant Data.sql,,person,FRST_NM
DB_Dashboard - Participant Data.sql,,person,MID_NM
DB_Dashboard - Participant Data.sql,,person,LAST_NM
DB_Dashboard - Participant Data.sql,,person,birth_date
DB_Dashboard - Participant Data.sql,,person,termination_date
DB_Dashboard - Participant Data.sql,,person,hire_date
DB_Dashboard - Participant Data.sql,,person,effective_begin_date
DB_Dashboard - Participant Data.sql,,person,employee_id
DB_Dashboard - Participant Data.sql,,person,(db_person_attributes)
DB_Dashboard - Participant Data.sql,,range_lookup,(db_person_attributes)
DB_Dashboard - Participant Data.sql,wealth_rpt,db_plan_dim,client_id
DB_Dashboard - Participant Data.sql,wealth_rpt,db_plan_dim,plan_id
DB_Dashboard - Participant Data.sql,wealth_rpt,db_plan_dim,plan_ldsc_tx
DB_Dashboard - Participant Data.sql,wealth_rpt,db_plan_dim,(db_plan_dim)
DB_Dashboard - Participant Data.sql,wealth_rpt,person_planstatus_dim,client_id
DB_Dashboard - Participant Data.sql,wealth_rpt,person_planstatus_dim,platform_id
DB_Dashboard - Participant Data.sql,wealth_rpt,person_planstatus_dim,PRSN_INTN_ID
DB_Dashboard - Participant Data.sql,wealth_rpt,person_planstatus_dim,plan_status_description
DB_Dashboard - Participant Data.sql,wealth_rpt,person_planstatus_dim,plan_id
DB_Dashboard - Participant Data.sql,wealth_rpt,person_planstatus_dim,Plan_Description
DB_Dashboard - Participant Data.sql,wealth_rpt,person_planstatus_dim,(PRSN_PLANSTAT_DIMN01)
DB_Dashboard - Participant Data.sql,wealth_rpt,dc_category_dim,(PRSN_PLANSTAT_DIMN01)
DB_Dashboard - Participant Data.sql,wealth_rpt,db_plan_dim,(PRSN_PLANSTAT_DIMN01)
DB_Dashboard - Participant Data.sql,adlfound_itg,calendar,cal_dt
DB_Dashboard - Participant Data.sql,adlfound_itg,calendar,calendar_year
DB_Dashboard - Participant Data.sql,adlfound_itg,calendar,dateadd(day
DB_Dashboard - Participant Data.sql,adlfound_itg,calendar,1
DB_Dashboard - Participant Data.sql,adlfound_itg,calendar,last_day(dateadd(month
DB_Dashboard - Participant Data.sql,adlfound_itg,calendar,-1
DB_Dashboard - Participant Data.sql,adlfound_itg,calendar,first_dt
DB_Dashboard - Participant Data.sql,adlfound_itg,calendar,(Exp_Calen_yza)
DB_Dashboard - Participant Data.sql,wealth_rpt,db_person_plan,client_id
DB_Dashboard - Participant Data.sql,wealth_rpt,db_person_plan,platform_id
DB_Dashboard - Participant Data.sql,wealth_rpt,db_person_plan,PRSN_INTN_ID
DB_Dashboard - Participant Data.sql,wealth_rpt,db_person_plan,PLAN_ID
DB_Dashboard - Participant Data.sql,wealth_rpt,db_person_plan,earl_cmnc_dt_ccp
DB_Dashboard - Participant Data.sql,wealth_rpt,db_person_plan,normal_retire_dt
DB_Dashboard - Participant Data.sql,wealth_rpt,db_person_plan,is_deferred_vested
DB_Dashboard - Participant Data.sql,wealth_rpt,db_person_plan,fully_vested_date
DB_Dashboard - Participant Data.sql,wealth_rpt,db_person_plan,begin_date
DB_Dashboard - Participant Data.sql,wealth_rpt,db_person_plan,end_date
DB_Dashboard - Participant Data.sql,wealth_rpt,db_person_plan,(Shortcut_to_Pension_Popu_Elig_Current_All)
DB_Dashboard - Participant Data.sql,wealth_rpt,db_payments,client_id
DB_Dashboard - Participant Data.sql,wealth_rpt,db_payments,platform_id
DB_Dashboard - Participant Data.sql,wealth_rpt,db_payments,platform_person_internal_id
DB_Dashboard - Participant Data.sql,wealth_rpt,db_payments,payment_effective_date
DB_Dashboard - Participant Data.sql,wealth_rpt,db_payments,payment_adjustment_cd
DB_Dashboard - Participant Data.sql,wealth_rpt,db_payments,payment_type
DB_Dashboard - Participant Data.sql,wealth_rpt,db_payments,plan_id
DB_Dashboard - Participant Data.sql,wealth_rpt,db_payments,plan
DB_Dashboard - Participant Data.sql,wealth_rpt,db_payments,payment_id
DB_Dashboard - Participant Data.sql,wealth_rpt,db_payments,payment_destination
DB_Dashboard - Participant Data.sql,wealth_rpt,db_payments,total_payment_amount
DB_Dashboard - Participant Data.sql,wealth_rpt,db_payments,address_format_type_code
DB_Dashboard - Participant Data.sql,wealth_rpt,db_payments,(query_db_payments)
DB_Dashboard - Participant Data.sql,,payment_effective_date,(query_db_payments)
DB_Dashboard - Participant Data.sql,query_db_payments,payment_effective_date,client_id
DB_Dashboard - Participant Data.sql,query_db_payments,payment_effective_date,platform_person_internal_id
DB_Dashboard - Participant Data.sql,query_db_payments,payment_effective_date,payment_id
DB_Dashboard - Participant Data.sql,query_db_payments,payment_effective_date,plan_id
DB_Dashboard - Participant Data.sql,query_db_payments,payment_effective_date,extract(year
DB_Dashboard - Participant Data.sql,query_db_payments,payment_effective_date,(payment_attribute_join)
DB_Dashboard - Participant Data.sql,,query_db_payments,(payment_attribute_join)
DB_Dashboard - Participant Data.sql,,db_person_attributes,(payment_attribute_join)
DB_Dashboard - Participant Data.sql,,Exp_Calen_yza,(payment_attribute_join)
DB_Dashboard - Participant Data.sql,,db_person_attributes,person_internal_id
DB_Dashboard - Participant Data.sql,,db_person_attributes,employment_status
DB_Dashboard - Participant Data.sql,,db_person_attributes,person_reason_code
DB_Dashboard - Participant Data.sql,,db_person_attributes,row_level_security_filter_value
DB_Dashboard - Participant Data.sql,,db_person_attributes,fully_vested_date
DB_Dashboard - Participant Data.sql,,db_person_attributes,cal_dt
DB_Dashboard - Participant Data.sql,,db_person_attributes,plan_id
DB_Dashboard - Participant Data.sql,,db_person_attributes,plan_desc
DB_Dashboard - Participant Data.sql,,db_person_attributes,client_id
DB_Dashboard - Participant Data.sql,,db_person_attributes,is_deferred_vested
DB_Dashboard - Participant Data.sql,,db_person_attributes,begin_date
DB_Dashboard - Participant Data.sql,,db_person_attributes,client_id_string
DB_Dashboard - Participant Data.sql,,db_person_attributes,salary_range
DB_Dashboard - Participant Data.sql,,db_person_attributes,age_range
DB_Dashboard - Participant Data.sql,,db_person_attributes,tenure_range
DB_Dashboard - Participant Data.sql,,db_person_attributes,gender
DB_Dashboard - Participant Data.sql,,db_person_attributes,hourly_salary_status
DB_Dashboard - Participant Data.sql,,db_person_attributes,fulltime_parttime_status
DB_Dashboard - Participant Data.sql,,db_person_attributes,union_name
DB_Dashboard - Participant Data.sql,,db_person_attributes,custom_filter_1
DB_Dashboard - Participant Data.sql,,db_person_attributes,custom_filter_2
DB_Dashboard - Participant Data.sql,,db_person_attributes,custom_filter_3
DB_Dashboard - Participant Data.sql,,db_person_attributes,custom_filter_4
DB_Dashboard - Participant Data.sql,,db_person_attributes,custom_filter_5
DB_Dashboard - Participant Data.sql,,db_person_attributes,(Pension_Participant_Data)
DB_Dashboard - Participant Data.sql,,Shortcut_to_Pension_Popu_Elig_Current_All,(Pension_Participant_Data)
DB_Dashboard - Participant Data.sql,,db_plan_dim,(Pension_Participant_Data)
DB_Dashboard - Participant Data.sql,,PRSN_PLANSTAT_DIMN01,(Pension_Participant_Data)
DB_Dashboard - Participant Data.sql,,Exp_Calen_yza,(Pension_Participant_Data)
DB_Dashboard - Participant Data.sql,,fully_vested_date,client_id
DB_Dashboard - Participant Data.sql,,fully_vested_date,plan_id
DB_Dashboard - Participant Data.sql,,fully_vested_date,plan_desc
DB_Dashboard - Participant Data.sql,,fully_vested_date,person_internal_id
DB_Dashboard - Participant Data.sql,,fully_vested_date,fully_vested_date
DB_Dashboard - Participant Data.sql,,fully_vested_date,reporting_month_dt
DB_Dashboard - Participant Data.sql,,fully_vested_date,extract(year
DB_Dashboard - Participant Data.sql,,fully_vested_date,(Exp_db_ppt_1_elig_smry_yza)
DB_Dashboard - Participant Data.sql,,Pension_Participant_Data,(Exp_db_ppt_1_elig_smry_yza)
DB_Dashboard - Participant Data.sql,,Pension_Participant_Data,client_id
DB_Dashboard - Participant Data.sql,,Pension_Participant_Data,plan_id
DB_Dashboard - Participant Data.sql,,Pension_Participant_Data,plan_desc
DB_Dashboard - Participant Data.sql,,Pension_Participant_Data,person_internal_id
DB_Dashboard - Participant Data.sql,,Pension_Participant_Data,reporting_month_dt
DB_Dashboard - Participant Data.sql,,Pension_Participant_Data,empl_stat
DB_Dashboard - Participant Data.sql,,Pension_Participant_Data,prsn_rsn_cd
DB_Dashboard - Participant Data.sql,,Pension_Participant_Data,client_id_string
DB_Dashboard - Participant Data.sql,,Pension_Participant_Data,salary_range
DB_Dashboard - Participant Data.sql,,Pension_Participant_Data,age_range
DB_Dashboard - Participant Data.sql,,Pension_Participant_Data,tenure_range
DB_Dashboard - Participant Data.sql,,Pension_Participant_Data,gender
DB_Dashboard - Participant Data.sql,,Pension_Participant_Data,hourly_salary_status
DB_Dashboard - Participant Data.sql,,Pension_Participant_Data,fulltime_parttime_status
DB_Dashboard - Participant Data.sql,,Pension_Participant_Data,union_name
DB_Dashboard - Participant Data.sql,,Pension_Participant_Data,row_level_security_filter_value
DB_Dashboard - Participant Data.sql,,Pension_Participant_Data,custom_filter_1
DB_Dashboard - Participant Data.sql,,Pension_Participant_Data,custom_filter_2
DB_Dashboard - Participant Data.sql,,Pension_Participant_Data,custom_filter_3
DB_Dashboard - Participant Data.sql,,Pension_Participant_Data,custom_filter_4
DB_Dashboard - Participant Data.sql,,Pension_Participant_Data,custom_filter_5
DB_Dashboard - Participant Data.sql,,Pension_Participant_Data,rpt_fltr_1_desc
DB_Dashboard - Participant Data.sql,,Pension_Participant_Data,VARCHAR)
DB_Dashboard - Participant Data.sql,,Pension_Participant_Data,(Exp_db_ppt_2_elig_smry_yza)
DB_Dashboard - Participant Data.sql,,payment_attribute_join,client_id
DB_Dashboard - Participant Data.sql,,payment_attribute_join,platform_person_internal_id
DB_Dashboard - Participant Data.sql,,payment_attribute_join,payment_id
DB_Dashboard - Participant Data.sql,,payment_attribute_join,plan_id
DB_Dashboard - Participant Data.sql,,payment_attribute_join,payment_year
DB_Dashboard - Participant Data.sql,,payment_attribute_join,reporting_month_dt
DB_Dashboard - Participant Data.sql,,payment_attribute_join,plan_desc
DB_Dashboard - Participant Data.sql,,payment_attribute_join,prsn_rsn_cd
DB_Dashboard - Participant Data.sql,,payment_attribute_join,client_id_string
DB_Dashboard - Participant Data.sql,,payment_attribute_join,salary_range
DB_Dashboard - Participant Data.sql,,payment_attribute_join,age_range
DB_Dashboard - Participant Data.sql,,payment_attribute_join,tenure_range
DB_Dashboard - Participant Data.sql,,payment_attribute_join,gender
DB_Dashboard - Participant Data.sql,,payment_attribute_join,hourly_salary_status
DB_Dashboard - Participant Data.sql,,payment_attribute_join,fulltime_parttime_status
DB_Dashboard - Participant Data.sql,,payment_attribute_join,union_name
DB_Dashboard - Participant Data.sql,,payment_attribute_join,row_level_security_filter_value
DB_Dashboard - Participant Data.sql,,payment_attribute_join,custom_filter_1
DB_Dashboard - Participant Data.sql,,payment_attribute_join,custom_filter_2
DB_Dashboard - Participant Data.sql,,payment_attribute_join,custom_filter_3
DB_Dashboard - Participant Data.sql,,payment_attribute_join,custom_filter_4
DB_Dashboard - Participant Data.sql,,payment_attribute_join,custom_filter_5
DB_Dashboard - Participant Data.sql,,payment_attribute_join,empl_stat
DB_Dashboard - Participant Data.sql,,payment_attribute_join,rpt_fltr_1_desc
DB_Dashboard - Participant Data.sql,,payment_attribute_join,VARCHAR)
DB_Dashboard - Participant Data.sql,,payment_attribute_join,(Exp_db_ppt_3_elig_smry_yza)
DB_Dashboard - Participant Data.sql,,Exp_db_ppt_1_elig_smry_yza,Plan
DB_Dashboard - Participant Data.sql,,Exp_db_ppt_1_elig_smry_yza,Reporting_Month
DB_Dashboard - Participant Data.sql,,Exp_db_ppt_1_elig_smry_yza,client_id_string
DB_Dashboard - Participant Data.sql,,Exp_db_ppt_1_elig_smry_yza,salary_range
DB_Dashboard - Participant Data.sql,,Exp_db_ppt_1_elig_smry_yza,age_range
DB_Dashboard - Participant Data.sql,,Exp_db_ppt_1_elig_smry_yza,tenure_range
DB_Dashboard - Participant Data.sql,,Exp_db_ppt_1_elig_smry_yza,gender
DB_Dashboard - Participant Data.sql,,Exp_db_ppt_1_elig_smry_yza,hourly_salary_status
DB_Dashboard - Participant Data.sql,,Exp_db_ppt_1_elig_smry_yza,fulltime_parttime_status
DB_Dashboard - Participant Data.sql,,Exp_db_ppt_1_elig_smry_yza,union_name
DB_Dashboard - Participant Data.sql,,Exp_db_ppt_1_elig_smry_yza,row_level_security_filter_value
DB_Dashboard - Participant Data.sql,,Exp_db_ppt_1_elig_smry_yza,custom_filter_1
DB_Dashboard - Participant Data.sql,,Exp_db_ppt_1_elig_smry_yza,custom_filter_2
DB_Dashboard - Participant Data.sql,,Exp_db_ppt_1_elig_smry_yza,custom_filter_3
DB_Dashboard - Participant Data.sql,,Exp_db_ppt_1_elig_smry_yza,custom_filter_4
DB_Dashboard - Participant Data.sql,,Exp_db_ppt_1_elig_smry_yza,custom_filter_5
DB_Dashboard - Participant Data.sql,,Exp_db_ppt_1_elig_smry_yza,Plan_ID
DB_Dashboard - Participant Data.sql,,Exp_db_ppt_1_elig_smry_yza,empl_stat
DB_Dashboard - Participant Data.sql,,Exp_db_ppt_1_elig_smry_yza,Category
DB_Dashboard - Participant Data.sql,,Exp_db_ppt_1_elig_smry_yza,To_Date
DB_Dashboard - Participant Data.sql,,Exp_db_ppt_1_elig_smry_yza,DATE_TRUNC('month'
DB_Dashboard - Participant Data.sql,,Exp_db_ppt_1_elig_smry_yza,From_Date
DB_Dashboard - Participant Data.sql,,Exp_db_ppt_1_elig_smry_yza,CONCAT(person_internal_id
DB_Dashboard - Participant Data.sql,,Exp_db_ppt_1_elig_smry_yza,Count0
DB_Dashboard - Participant Data.sql,,Exp_db_ppt_1_elig_smry_yza,(Qry_Participant_Data_Count_1)
DB_Dashboard - Participant Data.sql,,Exp_db_ppt_1_elig_smry_yza,(Qry_Participant_Data_Count_2)
DB_Dashboard - Participant Data.sql,,Exp_db_ppt_2_elig_smry_yza,Plan
DB_Dashboard - Participant Data.sql,,Exp_db_ppt_2_elig_smry_yza,Reporting_Month
DB_Dashboard - Participant Data.sql,,Exp_db_ppt_2_elig_smry_yza,client_id_string
DB_Dashboard - Participant Data.sql,,Exp_db_ppt_2_elig_smry_yza,salary_range
DB_Dashboard - Participant Data.sql,,Exp_db_ppt_2_elig_smry_yza,age_range
DB_Dashboard - Participant Data.sql,,Exp_db_ppt_2_elig_smry_yza,tenure_range
DB_Dashboard - Participant Data.sql,,Exp_db_ppt_2_elig_smry_yza,gender
DB_Dashboard - Participant Data.sql,,Exp_db_ppt_2_elig_smry_yza,hourly_salary_status
DB_Dashboard - Participant Data.sql,,Exp_db_ppt_2_elig_smry_yza,fulltime_parttime_status
DB_Dashboard - Participant Data.sql,,Exp_db_ppt_2_elig_smry_yza,union_name
DB_Dashboard - Participant Data.sql,,Exp_db_ppt_2_elig_smry_yza,row_level_security_filter_value
DB_Dashboard - Participant Data.sql,,Exp_db_ppt_2_elig_smry_yza,custom_filter_1
DB_Dashboard - Participant Data.sql,,Exp_db_ppt_2_elig_smry_yza,custom_filter_2
DB_Dashboard - Participant Data.sql,,Exp_db_ppt_2_elig_smry_yza,custom_filter_3
DB_Dashboard - Participant Data.sql,,Exp_db_ppt_2_elig_smry_yza,custom_filter_4
DB_Dashboard - Participant Data.sql,,Exp_db_ppt_2_elig_smry_yza,custom_filter_5
DB_Dashboard - Participant Data.sql,,Exp_db_ppt_2_elig_smry_yza,Plan_ID
DB_Dashboard - Participant Data.sql,,Exp_db_ppt_2_elig_smry_yza,empl_stat
DB_Dashboard - Participant Data.sql,,Exp_db_ppt_2_elig_smry_yza,Category
DB_Dashboard - Participant Data.sql,,Exp_db_ppt_2_elig_smry_yza,To_Date
DB_Dashboard - Participant Data.sql,,Exp_db_ppt_2_elig_smry_yza,DATE_TRUNC('month'
DB_Dashboard - Participant Data.sql,,Exp_db_ppt_2_elig_smry_yza,From_Date
DB_Dashboard - Participant Data.sql,,Exp_db_ppt_2_elig_smry_yza,CONCAT(person_internal_id
DB_Dashboard - Participant Data.sql,,Exp_db_ppt_2_elig_smry_yza,Count0
DB_Dashboard - Participant Data.sql,,Exp_db_ppt_2_elig_smry_yza,(Qry_Participant_Data_Count_4)
DB_Dashboard - Participant Data.sql,,Qry_Participant_Data_Count_1,Plan
DB_Dashboard - Participant Data.sql,,Qry_Participant_Data_Count_1,Reporting_Month
DB_Dashboard - Participant Data.sql,,Qry_Participant_Data_Count_1,client_id_string
DB_Dashboard - Participant Data.sql,,Qry_Participant_Data_Count_1,salary_range
DB_Dashboard - Participant Data.sql,,Qry_Participant_Data_Count_1,age_range
DB_Dashboard - Participant Data.sql,,Qry_Participant_Data_Count_1,tenure_range
DB_Dashboard - Participant Data.sql,,Qry_Participant_Data_Count_1,gender
DB_Dashboard - Participant Data.sql,,Qry_Participant_Data_Count_1,hourly_salary_status
DB_Dashboard - Participant Data.sql,,Qry_Participant_Data_Count_1,fulltime_parttime_status
DB_Dashboard - Participant Data.sql,,Qry_Participant_Data_Count_1,union_name
DB_Dashboard - Participant Data.sql,,Qry_Participant_Data_Count_1,row_level_security_filter_value
DB_Dashboard - Participant Data.sql,,Qry_Participant_Data_Count_1,custom_filter_1
DB_Dashboard - Participant Data.sql,,Qry_Participant_Data_Count_1,custom_filter_2
DB_Dashboard - Participant Data.sql,,Qry_Participant_Data_Count_1,custom_filter_3
DB_Dashboard - Participant Data.sql,,Qry_Participant_Data_Count_1,custom_filter_4
DB_Dashboard - Participant Data.sql,,Qry_Participant_Data_Count_1,custom_filter_5
DB_Dashboard - Participant Data.sql,,Qry_Participant_Data_Count_1,Plan_ID
DB_Dashboard - Participant Data.sql,,Qry_Participant_Data_Count_1,empl_stat
DB_Dashboard - Participant Data.sql,,Qry_Participant_Data_Count_1,Category
DB_Dashboard - Participant Data.sql,,Qry_Participant_Data_Count_1,To_Date
DB_Dashboard - Participant Data.sql,,Qry_Participant_Data_Count_1,From_Date
DB_Dashboard - Participant Data.sql,,Qry_Participant_Data_Count_1,Count0
DB_Dashboard - Participant Data.sql,,Qry_Participant_Data_Count_1,(Query1)
DB_Dashboard - Participant Data.sql,,Qry_Participant_Data_Count_2,(Query1)
DB_Dashboard - Participant Data.sql,,Qry_Participant_Data_Count_3,Plan
DB_Dashboard - Participant Data.sql,,Qry_Participant_Data_Count_3,Reporting_Month
DB_Dashboard - Participant Data.sql,,Qry_Participant_Data_Count_3,client_id_string
DB_Dashboard - Participant Data.sql,,Qry_Participant_Data_Count_3,salary_range
DB_Dashboard - Participant Data.sql,,Qry_Participant_Data_Count_3,age_range
DB_Dashboard - Participant Data.sql,,Qry_Participant_Data_Count_3,tenure_range
DB_Dashboard - Participant Data.sql,,Qry_Participant_Data_Count_3,gender
DB_Dashboard - Participant Data.sql,,Qry_Participant_Data_Count_3,hourly_salary_status
DB_Dashboard - Participant Data.sql,,Qry_Participant_Data_Count_3,fulltime_parttime_status
DB_Dashboard - Participant Data.sql,,Qry_Participant_Data_Count_3,union_name
DB_Dashboard - Participant Data.sql,,Qry_Participant_Data_Count_3,row_level_security_filter_value
DB_Dashboard - Participant Data.sql,,Qry_Participant_Data_Count_3,custom_filter_1
DB_Dashboard - Participant Data.sql,,Qry_Participant_Data_Count_3,custom_filter_2
DB_Dashboard - Participant Data.sql,,Qry_Participant_Data_Count_3,custom_filter_3
DB_Dashboard - Participant Data.sql,,Qry_Participant_Data_Count_3,custom_filter_4
DB_Dashboard - Participant Data.sql,,Qry_Participant_Data_Count_3,custom_filter_5
DB_Dashboard - Participant Data.sql,,Qry_Participant_Data_Count_3,Plan_ID
DB_Dashboard - Participant Data.sql,,Qry_Participant_Data_Count_3,empl_stat
DB_Dashboard - Participant Data.sql,,Qry_Participant_Data_Count_3,Category
DB_Dashboard - Participant Data.sql,,Qry_Participant_Data_Count_3,To_Date
DB_Dashboard - Participant Data.sql,,Qry_Participant_Data_Count_3,From_Date
DB_Dashboard - Participant Data.sql,,Qry_Participant_Data_Count_3,Count0
DB_Dashboard - Participant Data.sql,,Qry_Participant_Data_Count_3,(Query2)
DB_Dashboard - Participant Data.sql,,Qry_Participant_Data_Count_4,(Query2)
DB_Dashboard - Participant Data.sql,,Query1,*
DB_Dashboard - Participant Data.sql,,Query1,(Union3)
DB_Dashboard - Participant Data.sql,,Query2,(Union3)
DB_Dashboard - Participant Data.sql,person_rpt,person,
DB_Dashboard - Participant Data.sql,person_rpt,person_employment,
DB_Dashboard - Participant Data.sql,adlfound_itg,standard_rollups_lookup,
DB_Dashboard - Participant Data.sql,person_itg,person_custom_filter,
DB_Dashboard - Participant Data.sql,e,termination_date,
DB_Dashboard - Participant Data.sql,,mv_person,
DB_Dashboard - Participant Data.sql,,mv_person_employment,
DB_Dashboard - Participant Data.sql,,pcf,
DB_Dashboard - Participant Data.sql,adlfound_itg,standard_ranges_lookup,
DB_Dashboard - Participant Data.sql,,person,
DB_Dashboard - Participant Data.sql,,range_lookup,
DB_Dashboard - Participant Data.sql,wealth_rpt,db_plan_dim,
DB_Dashboard - Participant Data.sql,wealth_rpt,person_planstatus_dim,
DB_Dashboard - Participant Data.sql,wealth_rpt,dc_category_dim,
DB_Dashboard - Participant Data.sql,adlfound_itg,calendar,
DB_Dashboard - Participant Data.sql,wealth_rpt,db_person_plan,
DB_Dashboard - Participant Data.sql,wealth_rpt,db_payments,
DB_Dashboard - Participant Data.sql,,payment_effective_date,
DB_Dashboard - Participant Data.sql,,as,
DB_Dashboard - Participant Data.sql,query_db_payments,payment_effective_date,
DB_Dashboard - Participant Data.sql,,query_db_payments,
DB_Dashboard - Participant Data.sql,,db_person_attributes,
DB_Dashboard - Participant Data.sql,,Exp_Calen_yza,
DB_Dashboard - Participant Data.sql,,Shortcut_to_Pension_Popu_Elig_Current_All,
DB_Dashboard - Participant Data.sql,,db_plan_dim,
DB_Dashboard - Participant Data.sql,,PRSN_PLANSTAT_DIMN01,
DB_Dashboard - Participant Data.sql,,fully_vested_date,
DB_Dashboard - Participant Data.sql,,Pension_Participant_Data,
DB_Dashboard - Participant Data.sql,,payment_attribute_join,
DB_Dashboard - Participant Data.sql,,Exp_db_ppt_1_elig_smry_yza,
DB_Dashboard - Participant Data.sql,,Exp_db_ppt_3_elig_smry_yza,
DB_Dashboard - Participant Data.sql,,Exp_db_ppt_2_elig_smry_yza,
DB_Dashboard - Participant Data.sql,,Qry_Participant_Data_Count_1,
DB_Dashboard - Participant Data.sql,,Qry_Participant_Data_Count_2,
DB_Dashboard - Participant Data.sql,,Qry_Participant_Data_Count_3,
DB_Dashboard - Participant Data.sql,,Qry_Participant_Data_Count_4,
DB_Dashboard - Participant Data.sql,,Query1,
DB_Dashboard - Participant Data.sql,,Query2,
DB_Dashboard - Participant Data.sql,,Union3,
DB_Dashboard - Participant Data.sql,,Final,
DB_Dashboard - Participant Data.sql,person_rpt,person,global_client_id
DB_Dashboard - Participant Data.sql,person_rpt,person,global_person_id
DB_Dashboard - Participant Data.sql,person_rpt,person,client_id
DB_Dashboard - Participant Data.sql,person_rpt,person,client_id_string
DB_Dashboard - Participant Data.sql,person_rpt,person,gender
DB_Dashboard - Participant Data.sql,person_rpt,person,union_name
DB_Dashboard - Participant Data.sql,person_rpt,person,platform_id
DB_Dashboard - Participant Data.sql,person_rpt,person,platform_person_internal_id
DB_Dashboard - Participant Data.sql,person_rpt,person,person_reason_code
DB_Dashboard - Participant Data.sql,person_rpt,person,begin_date
DB_Dashboard - Participant Data.sql,person_rpt,person,end_date
DB_Dashboard - Participant Data.sql,person_rpt,person,row_level_security_filter_value
DB_Dashboard - Participant Data.sql,person_rpt,person,('1800-01-01'
DB_Dashboard - Participant Data.sql,person_rpt,person,'1900-01-01'
DB_Dashboard - Participant Data.sql,person_rpt,person,'1901-01-01'
DB_Dashboard - Participant Data.sql,person_rpt,person,'1910-01-01'
DB_Dashboard - Participant Data.sql,person_rpt,person,'1930-01-01'
DB_Dashboard - Participant Data.sql,person_rpt,person,birth_date
DB_Dashboard - Participant Data.sql,person_rpt,person,LAST_NM
DB_Dashboard - Participant Data.sql,person_rpt,person,FRST_NM
DB_Dashboard - Participant Data.sql,person_rpt,person,MID_NM
DB_Dashboard - Participant Data.sql,person_rpt,person,BAD_ADDR_IND_CD
DB_Dashboard - Participant Data.sql,person_rpt,person_employment,global_client_id
DB_Dashboard - Participant Data.sql,person_rpt,person_employment,global_person_id
DB_Dashboard - Participant Data.sql,person_rpt,person_employment,client_id
DB_Dashboard - Participant Data.sql,person_rpt,person_employment,platform_person_internal_id
DB_Dashboard - Participant Data.sql,person_rpt,person_employment,platform_id
DB_Dashboard - Participant Data.sql,person_rpt,person_employment,employment_status
DB_Dashboard - Participant Data.sql,person_rpt,person_employment,employment_status_roll_up_1
DB_Dashboard - Participant Data.sql,person_rpt,person_employment,fulltime_parttime_status
DB_Dashboard - Participant Data.sql,person_rpt,person_employment,(expected_annual_base_salary
DB_Dashboard - Participant Data.sql,person_rpt,person_employment,numeric
DB_Dashboard - Participant Data.sql,person_rpt,person_employment,expected_annual_base_salary
DB_Dashboard - Participant Data.sql,person_rpt,person_employment,hourly_salary_status
DB_Dashboard - Participant Data.sql,person_rpt,person_employment,effective_begin_date
DB_Dashboard - Participant Data.sql,person_rpt,person_employment,hire_date
DB_Dashboard - Participant Data.sql,person_rpt,person_employment,termination_date
DB_Dashboard - Participant Data.sql,person_rpt,person_employment,employee_id
DB_Dashboard - Participant Data.sql,adlfound_itg,standard_rollups_lookup,standard_key
DB_Dashboard - Participant Data.sql,adlfound_itg,standard_rollups_lookup,standard_value
DB_Dashboard - Participant Data.sql,person_itg,person_custom_filter,*
DB_Dashboard - Participant Data.sql,e,termination_date,global_client_id
DB_Dashboard - Participant Data.sql,e,termination_date,platform_id
DB_Dashboard - Participant Data.sql,e,termination_date,global_person_id
DB_Dashboard - Participant Data.sql,e,termination_date,client_id
DB_Dashboard - Participant Data.sql,e,termination_date,client_id_string
DB_Dashboard - Participant Data.sql,e,termination_date,platform_person_internal_id
DB_Dashboard - Participant Data.sql,e,termination_date,row_level_security_filter_value
DB_Dashboard - Participant Data.sql,e,termination_date,salary
DB_Dashboard - Participant Data.sql,e,termination_date,hourly_salary_status
DB_Dashboard - Participant Data.sql,e,termination_date,fulltime_parttime_status
DB_Dashboard - Participant Data.sql,e,termination_date,employment_status
DB_Dashboard - Participant Data.sql,e,termination_date,begin_date
DB_Dashboard - Participant Data.sql,e,termination_date,end_date
DB_Dashboard - Participant Data.sql,e,termination_date,person_reason_code
DB_Dashboard - Participant Data.sql,e,termination_date,union_name
DB_Dashboard - Participant Data.sql,e,termination_date,gender
DB_Dashboard - Participant Data.sql,e,termination_date,FRST_NM
DB_Dashboard - Participant Data.sql,e,termination_date,MID_NM
DB_Dashboard - Participant Data.sql,e,termination_date,LAST_NM
DB_Dashboard - Participant Data.sql,e,termination_date,birth_date
DB_Dashboard - Participant Data.sql,e,termination_date,EXTRACT(YEAR
DB_Dashboard - Participant Data.sql,adlfound_itg,standard_ranges_lookup,standard_group_key
DB_Dashboard - Participant Data.sql,adlfound_itg,standard_ranges_lookup,standard_display_value
DB_Dashboard - Participant Data.sql,adlfound_itg,standard_ranges_lookup,standard_min
DB_Dashboard - Participant Data.sql,adlfound_itg,standard_ranges_lookup,standard_max
DB_Dashboard - Participant Data.sql,adlfound_itg,standard_ranges_lookup,OWNER
DB_Dashboard - Participant Data.sql,,person,client_id
DB_Dashboard - Participant Data.sql,,person,platform_id
DB_Dashboard - Participant Data.sql,,person,client_id_string
DB_Dashboard - Participant Data.sql,,person,platform_person_internal_id
DB_Dashboard - Participant Data.sql,,person,salary
DB_Dashboard - Participant Data.sql,,person,SALARY_RANGE
DB_Dashboard - Participant Data.sql,,person,hourly_salary_status
DB_Dashboard - Participant Data.sql,,person,fulltime_parttime_status
DB_Dashboard - Participant Data.sql,,person,begin_date
DB_Dashboard - Participant Data.sql,,person,end_date
DB_Dashboard - Participant Data.sql,,person,employment_status
DB_Dashboard - Participant Data.sql,,person,person_reason_code
DB_Dashboard - Participant Data.sql,,person,union_name
DB_Dashboard - Participant Data.sql,,person,gender
DB_Dashboard - Participant Data.sql,,person,age
DB_Dashboard - Participant Data.sql,,person,AGE_RANGE
DB_Dashboard - Participant Data.sql,,person,tenure
DB_Dashboard - Participant Data.sql,,person,TENURE_RANGE
DB_Dashboard - Participant Data.sql,,person,row_level_security_filter_value
DB_Dashboard - Participant Data.sql,,person,custom_filter_1
DB_Dashboard - Participant Data.sql,,person,custom_filter_2
DB_Dashboard - Participant Data.sql,,person,custom_filter_3
DB_Dashboard - Participant Data.sql,,person,custom_filter_4
DB_Dashboard - Participant Data.sql,,person,custom_filter_5
DB_Dashboard - Participant Data.sql,,person,BAD_ADDR_IND_CD
DB_Dashboard - Participant Data.sql,,person,FRST_NM
DB_Dashboard - Participant Data.sql,,person,MID_NM
DB_Dashboard - Participant Data.sql,,person,LAST_NM
DB_Dashboard - Participant Data.sql,,person,birth_date
DB_Dashboard - Participant Data.sql,,person,termination_date
DB_Dashboard - Participant Data.sql,,person,hire_date
DB_Dashboard - Participant Data.sql,,person,effective_begin_date
DB_Dashboard - Participant Data.sql,,person,employee_id
DB_Dashboard - Participant Data.sql,,range_lookup,*
DB_Dashboard - Participant Data.sql,wealth_rpt,db_plan_dim,client_id
DB_Dashboard - Participant Data.sql,wealth_rpt,db_plan_dim,plan_id
DB_Dashboard - Participant Data.sql,wealth_rpt,db_plan_dim,plan_ldsc_tx
DB_Dashboard - Participant Data.sql,wealth_rpt,person_planstatus_dim,client_id
DB_Dashboard - Participant Data.sql,wealth_rpt,person_planstatus_dim,platform_id
DB_Dashboard - Participant Data.sql,wealth_rpt,person_planstatus_dim,PRSN_INTN_ID
DB_Dashboard - Participant Data.sql,wealth_rpt,person_planstatus_dim,plan_status_description
DB_Dashboard - Participant Data.sql,wealth_rpt,person_planstatus_dim,plan_id
DB_Dashboard - Participant Data.sql,wealth_rpt,person_planstatus_dim,Plan_Description
DB_Dashboard - Participant Data.sql,adlfound_itg,calendar,cal_dt
DB_Dashboard - Participant Data.sql,adlfound_itg,calendar,calendar_year
DB_Dashboard - Participant Data.sql,adlfound_itg,calendar,dateadd(day
DB_Dashboard - Participant Data.sql,adlfound_itg,calendar,1
DB_Dashboard - Participant Data.sql,adlfound_itg,calendar,last_day(dateadd(month
DB_Dashboard - Participant Data.sql,adlfound_itg,calendar,-1
DB_Dashboard - Participant Data.sql,adlfound_itg,calendar,first_dt
DB_Dashboard - Participant Data.sql,wealth_rpt,db_person_plan,client_id
DB_Dashboard - Participant Data.sql,wealth_rpt,db_person_plan,platform_id
DB_Dashboard - Participant Data.sql,wealth_rpt,db_person_plan,PRSN_INTN_ID
DB_Dashboard - Participant Data.sql,wealth_rpt,db_person_plan,PLAN_ID
DB_Dashboard - Participant Data.sql,wealth_rpt,db_person_plan,earl_cmnc_dt_ccp
DB_Dashboard - Participant Data.sql,wealth_rpt,db_person_plan,normal_retire_dt
DB_Dashboard - Participant Data.sql,wealth_rpt,db_person_plan,is_deferred_vested
DB_Dashboard - Participant Data.sql,wealth_rpt,db_person_plan,fully_vested_date
DB_Dashboard - Participant Data.sql,wealth_rpt,db_person_plan,begin_date
DB_Dashboard - Participant Data.sql,wealth_rpt,db_person_plan,end_date
DB_Dashboard - Participant Data.sql,wealth_rpt,db_payments,client_id
DB_Dashboard - Participant Data.sql,wealth_rpt,db_payments,platform_id
DB_Dashboard - Participant Data.sql,wealth_rpt,db_payments,platform_person_internal_id
DB_Dashboard - Participant Data.sql,wealth_rpt,db_payments,payment_effective_date
DB_Dashboard - Participant Data.sql,wealth_rpt,db_payments,payment_adjustment_cd
DB_Dashboard - Participant Data.sql,wealth_rpt,db_payments,payment_type
DB_Dashboard - Participant Data.sql,wealth_rpt,db_payments,plan_id
DB_Dashboard - Participant Data.sql,wealth_rpt,db_payments,plan
DB_Dashboard - Participant Data.sql,wealth_rpt,db_payments,payment_id
DB_Dashboard - Participant Data.sql,wealth_rpt,db_payments,payment_destination
DB_Dashboard - Participant Data.sql,wealth_rpt,db_payments,total_payment_amount
DB_Dashboard - Participant Data.sql,wealth_rpt,db_payments,address_format_type_code
DB_Dashboard - Participant Data.sql,query_db_payments,payment_effective_date,client_id
DB_Dashboard - Participant Data.sql,query_db_payments,payment_effective_date,platform_person_internal_id
DB_Dashboard - Participant Data.sql,query_db_payments,payment_effective_date,payment_id
DB_Dashboard - Participant Data.sql,query_db_payments,payment_effective_date,plan_id
DB_Dashboard - Participant Data.sql,query_db_payments,payment_effective_date,extract(year
DB_Dashboard - Participant Data.sql,,db_person_attributes,person_internal_id
DB_Dashboard - Participant Data.sql,,db_person_attributes,employment_status
DB_Dashboard - Participant Data.sql,,db_person_attributes,person_reason_code
DB_Dashboard - Participant Data.sql,,db_person_attributes,row_level_security_filter_value
DB_Dashboard - Participant Data.sql,,db_person_attributes,fully_vested_date
DB_Dashboard - Participant Data.sql,,db_person_attributes,cal_dt
DB_Dashboard - Participant Data.sql,,db_person_attributes,plan_id
DB_Dashboard - Participant Data.sql,,db_person_attributes,plan_desc
DB_Dashboard - Participant Data.sql,,db_person_attributes,client_id
DB_Dashboard - Participant Data.sql,,db_person_attributes,is_deferred_vested
DB_Dashboard - Participant Data.sql,,db_person_attributes,begin_date
DB_Dashboard - Participant Data.sql,,db_person_attributes,client_id_string
DB_Dashboard - Participant Data.sql,,db_person_attributes,salary_range
DB_Dashboard - Participant Data.sql,,db_person_attributes,age_range
DB_Dashboard - Participant Data.sql,,db_person_attributes,tenure_range
DB_Dashboard - Participant Data.sql,,db_person_attributes,gender
DB_Dashboard - Participant Data.sql,,db_person_attributes,hourly_salary_status
DB_Dashboard - Participant Data.sql,,db_person_attributes,fulltime_parttime_status
DB_Dashboard - Participant Data.sql,,db_person_attributes,union_name
DB_Dashboard - Participant Data.sql,,db_person_attributes,custom_filter_1
DB_Dashboard - Participant Data.sql,,db_person_attributes,custom_filter_2
DB_Dashboard - Participant Data.sql,,db_person_attributes,custom_filter_3
DB_Dashboard - Participant Data.sql,,db_person_attributes,custom_filter_4
DB_Dashboard - Participant Data.sql,,db_person_attributes,custom_filter_5
DB_Dashboard - Participant Data.sql,,fully_vested_date,client_id
DB_Dashboard - Participant Data.sql,,fully_vested_date,plan_id
DB_Dashboard - Participant Data.sql,,fully_vested_date,plan_desc
DB_Dashboard - Participant Data.sql,,fully_vested_date,person_internal_id
DB_Dashboard - Participant Data.sql,,fully_vested_date,fully_vested_date
DB_Dashboard - Participant Data.sql,,fully_vested_date,reporting_month_dt
DB_Dashboard - Participant Data.sql,,fully_vested_date,extract(year
DB_Dashboard - Participant Data.sql,,Pension_Participant_Data,client_id
DB_Dashboard - Participant Data.sql,,Pension_Participant_Data,plan_id
DB_Dashboard - Participant Data.sql,,Pension_Participant_Data,plan_desc
DB_Dashboard - Participant Data.sql,,Pension_Participant_Data,person_internal_id
DB_Dashboard - Participant Data.sql,,Pension_Participant_Data,reporting_month_dt
DB_Dashboard - Participant Data.sql,,Pension_Participant_Data,empl_stat
DB_Dashboard - Participant Data.sql,,Pension_Participant_Data,prsn_rsn_cd
DB_Dashboard - Participant Data.sql,,Pension_Participant_Data,client_id_string
DB_Dashboard - Participant Data.sql,,Pension_Participant_Data,salary_range
DB_Dashboard - Participant Data.sql,,Pension_Participant_Data,age_range
DB_Dashboard - Participant Data.sql,,Pension_Participant_Data,tenure_range
DB_Dashboard - Participant Data.sql,,Pension_Participant_Data,gender
DB_Dashboard - Participant Data.sql,,Pension_Participant_Data,hourly_salary_status
DB_Dashboard - Participant Data.sql,,Pension_Participant_Data,fulltime_parttime_status
DB_Dashboard - Participant Data.sql,,Pension_Participant_Data,union_name
DB_Dashboard - Participant Data.sql,,Pension_Participant_Data,row_level_security_filter_value
DB_Dashboard - Participant Data.sql,,Pension_Participant_Data,custom_filter_1
DB_Dashboard - Participant Data.sql,,Pension_Participant_Data,custom_filter_2
DB_Dashboard - Participant Data.sql,,Pension_Participant_Data,custom_filter_3
DB_Dashboard - Participant Data.sql,,Pension_Participant_Data,custom_filter_4
DB_Dashboard - Participant Data.sql,,Pension_Participant_Data,custom_filter_5
DB_Dashboard - Participant Data.sql,,Pension_Participant_Data,rpt_fltr_1_desc
DB_Dashboard - Participant Data.sql,,Pension_Participant_Data,VARCHAR)
DB_Dashboard - Participant Data.sql,,payment_attribute_join,client_id
DB_Dashboard - Participant Data.sql,,payment_attribute_join,platform_person_internal_id
DB_Dashboard - Participant Data.sql,,payment_attribute_join,payment_id
DB_Dashboard - Participant Data.sql,,payment_attribute_join,plan_id
DB_Dashboard - Participant Data.sql,,payment_attribute_join,payment_year
DB_Dashboard - Participant Data.sql,,payment_attribute_join,reporting_month_dt
DB_Dashboard - Participant Data.sql,,payment_attribute_join,plan_desc
DB_Dashboard - Participant Data.sql,,payment_attribute_join,prsn_rsn_cd
DB_Dashboard - Participant Data.sql,,payment_attribute_join,client_id_string
DB_Dashboard - Participant Data.sql,,payment_attribute_join,salary_range
DB_Dashboard - Participant Data.sql,,payment_attribute_join,age_range
DB_Dashboard - Participant Data.sql,,payment_attribute_join,tenure_range
DB_Dashboard - Participant Data.sql,,payment_attribute_join,gender
DB_Dashboard - Participant Data.sql,,payment_attribute_join,hourly_salary_status
DB_Dashboard - Participant Data.sql,,payment_attribute_join,fulltime_parttime_status
DB_Dashboard - Participant Data.sql,,payment_attribute_join,union_name
DB_Dashboard - Participant Data.sql,,payment_attribute_join,row_level_security_filter_value
DB_Dashboard - Participant Data.sql,,payment_attribute_join,custom_filter_1
DB_Dashboard - Participant Data.sql,,payment_attribute_join,custom_filter_2
DB_Dashboard - Participant Data.sql,,payment_attribute_join,custom_filter_3
DB_Dashboard - Participant Data.sql,,payment_attribute_join,custom_filter_4
DB_Dashboard - Participant Data.sql,,payment_attribute_join,custom_filter_5
DB_Dashboard - Participant Data.sql,,payment_attribute_join,empl_stat
DB_Dashboard - Participant Data.sql,,payment_attribute_join,rpt_fltr_1_desc
DB_Dashboard - Participant Data.sql,,payment_attribute_join,VARCHAR)
DB_Dashboard - Participant Data.sql,,Exp_db_ppt_1_elig_smry_yza,Plan
DB_Dashboard - Participant Data.sql,,Exp_db_ppt_1_elig_smry_yza,Reporting_Month
DB_Dashboard - Participant Data.sql,,Exp_db_ppt_1_elig_smry_yza,client_id_string
DB_Dashboard - Participant Data.sql,,Exp_db_ppt_1_elig_smry_yza,salary_range
DB_Dashboard - Participant Data.sql,,Exp_db_ppt_1_elig_smry_yza,age_range
DB_Dashboard - Participant Data.sql,,Exp_db_ppt_1_elig_smry_yza,tenure_range
DB_Dashboard - Participant Data.sql,,Exp_db_ppt_1_elig_smry_yza,gender
DB_Dashboard - Participant Data.sql,,Exp_db_ppt_1_elig_smry_yza,hourly_salary_status
DB_Dashboard - Participant Data.sql,,Exp_db_ppt_1_elig_smry_yza,fulltime_parttime_status
DB_Dashboard - Participant Data.sql,,Exp_db_ppt_1_elig_smry_yza,union_name
DB_Dashboard - Participant Data.sql,,Exp_db_ppt_1_elig_smry_yza,row_level_security_filter_value
DB_Dashboard - Participant Data.sql,,Exp_db_ppt_1_elig_smry_yza,custom_filter_1
DB_Dashboard - Participant Data.sql,,Exp_db_ppt_1_elig_smry_yza,custom_filter_2
DB_Dashboard - Participant Data.sql,,Exp_db_ppt_1_elig_smry_yza,custom_filter_3
DB_Dashboard - Participant Data.sql,,Exp_db_ppt_1_elig_smry_yza,custom_filter_4
DB_Dashboard - Participant Data.sql,,Exp_db_ppt_1_elig_smry_yza,custom_filter_5
DB_Dashboard - Participant Data.sql,,Exp_db_ppt_1_elig_smry_yza,Plan_ID
DB_Dashboard - Participant Data.sql,,Exp_db_ppt_1_elig_smry_yza,empl_stat
DB_Dashboard - Participant Data.sql,,Exp_db_ppt_1_elig_smry_yza,Category
DB_Dashboard - Participant Data.sql,,Exp_db_ppt_1_elig_smry_yza,To_Date
DB_Dashboard - Participant Data.sql,,Exp_db_ppt_1_elig_smry_yza,DATE_TRUNC('month'
DB_Dashboard - Participant Data.sql,,Exp_db_ppt_1_elig_smry_yza,From_Date
DB_Dashboard - Participant Data.sql,,Exp_db_ppt_1_elig_smry_yza,CONCAT(person_internal_id
DB_Dashboard - Participant Data.sql,,Exp_db_ppt_1_elig_smry_yza,Count0
DB_Dashboard - Participant Data.sql,,Exp_db_ppt_3_elig_smry_yza,Plan
DB_Dashboard - Participant Data.sql,,Exp_db_ppt_3_elig_smry_yza,Reporting_Month
DB_Dashboard - Participant Data.sql,,Exp_db_ppt_3_elig_smry_yza,client_id_string
DB_Dashboard - Participant Data.sql,,Exp_db_ppt_3_elig_smry_yza,salary_range
DB_Dashboard - Participant Data.sql,,Exp_db_ppt_3_elig_smry_yza,age_range
DB_Dashboard - Participant Data.sql,,Exp_db_ppt_3_elig_smry_yza,tenure_range
DB_Dashboard - Participant Data.sql,,Exp_db_ppt_3_elig_smry_yza,gender
DB_Dashboard - Participant Data.sql,,Exp_db_ppt_3_elig_smry_yza,hourly_salary_status
DB_Dashboard - Participant Data.sql,,Exp_db_ppt_3_elig_smry_yza,fulltime_parttime_status
DB_Dashboard - Participant Data.sql,,Exp_db_ppt_3_elig_smry_yza,union_name
DB_Dashboard - Participant Data.sql,,Exp_db_ppt_3_elig_smry_yza,row_level_security_filter_value
DB_Dashboard - Participant Data.sql,,Exp_db_ppt_3_elig_smry_yza,custom_filter_1
DB_Dashboard - Participant Data.sql,,Exp_db_ppt_3_elig_smry_yza,custom_filter_2
DB_Dashboard - Participant Data.sql,,Exp_db_ppt_3_elig_smry_yza,custom_filter_3
DB_Dashboard - Participant Data.sql,,Exp_db_ppt_3_elig_smry_yza,custom_filter_4
DB_Dashboard - Participant Data.sql,,Exp_db_ppt_3_elig_smry_yza,custom_filter_5
DB_Dashboard - Participant Data.sql,,Exp_db_ppt_3_elig_smry_yza,Plan_ID
DB_Dashboard - Participant Data.sql,,Exp_db_ppt_3_elig_smry_yza,empl_stat
DB_Dashboard - Participant Data.sql,,Exp_db_ppt_3_elig_smry_yza,Category
DB_Dashboard - Participant Data.sql,,Exp_db_ppt_3_elig_smry_yza,To_Date
DB_Dashboard - Participant Data.sql,,Exp_db_ppt_3_elig_smry_yza,DATE_TRUNC('month'
DB_Dashboard - Participant Data.sql,,Exp_db_ppt_3_elig_smry_yza,From_Date
DB_Dashboard - Participant Data.sql,,Exp_db_ppt_3_elig_smry_yza,--COUNT(DISTINCT(CONCAT(CONCAT(platform_person_internal_id
DB_Dashboard - Participant Data.sql,,Exp_db_ppt_3_elig_smry_yza,plan_id)
DB_Dashboard - Participant Data.sql,,Exp_db_ppt_3_elig_smry_yza,Count0
DB_Dashboard - Participant Data.sql,,Exp_db_ppt_2_elig_smry_yza,Plan
DB_Dashboard - Participant Data.sql,,Exp_db_ppt_2_elig_smry_yza,Reporting_Month
DB_Dashboard - Participant Data.sql,,Exp_db_ppt_2_elig_smry_yza,client_id_string
DB_Dashboard - Participant Data.sql,,Exp_db_ppt_2_elig_smry_yza,salary_range
DB_Dashboard - Participant Data.sql,,Exp_db_ppt_2_elig_smry_yza,age_range
DB_Dashboard - Participant Data.sql,,Exp_db_ppt_2_elig_smry_yza,tenure_range
DB_Dashboard - Participant Data.sql,,Exp_db_ppt_2_elig_smry_yza,gender
DB_Dashboard - Participant Data.sql,,Exp_db_ppt_2_elig_smry_yza,hourly_salary_status
DB_Dashboard - Participant Data.sql,,Exp_db_ppt_2_elig_smry_yza,fulltime_parttime_status
DB_Dashboard - Participant Data.sql,,Exp_db_ppt_2_elig_smry_yza,union_name
DB_Dashboard - Participant Data.sql,,Exp_db_ppt_2_elig_smry_yza,row_level_security_filter_value
DB_Dashboard - Participant Data.sql,,Exp_db_ppt_2_elig_smry_yza,custom_filter_1
DB_Dashboard - Participant Data.sql,,Exp_db_ppt_2_elig_smry_yza,custom_filter_2
DB_Dashboard - Participant Data.sql,,Exp_db_ppt_2_elig_smry_yza,custom_filter_3
DB_Dashboard - Participant Data.sql,,Exp_db_ppt_2_elig_smry_yza,custom_filter_4
DB_Dashboard - Participant Data.sql,,Exp_db_ppt_2_elig_smry_yza,custom_filter_5
DB_Dashboard - Participant Data.sql,,Exp_db_ppt_2_elig_smry_yza,Plan_ID
DB_Dashboard - Participant Data.sql,,Exp_db_ppt_2_elig_smry_yza,empl_stat
DB_Dashboard - Participant Data.sql,,Exp_db_ppt_2_elig_smry_yza,Category
DB_Dashboard - Participant Data.sql,,Exp_db_ppt_2_elig_smry_yza,To_Date
DB_Dashboard - Participant Data.sql,,Exp_db_ppt_2_elig_smry_yza,DATE_TRUNC('month'
DB_Dashboard - Participant Data.sql,,Exp_db_ppt_2_elig_smry_yza,From_Date
DB_Dashboard - Participant Data.sql,,Exp_db_ppt_2_elig_smry_yza,CONCAT(person_internal_id
DB_Dashboard - Participant Data.sql,,Exp_db_ppt_2_elig_smry_yza,Count0
DB_Dashboard - Participant Data.sql,,Qry_Participant_Data_Count_1,Plan
DB_Dashboard - Participant Data.sql,,Qry_Participant_Data_Count_1,Reporting_Month
DB_Dashboard - Participant Data.sql,,Qry_Participant_Data_Count_1,client_id_string
DB_Dashboard - Participant Data.sql,,Qry_Participant_Data_Count_1,salary_range
DB_Dashboard - Participant Data.sql,,Qry_Participant_Data_Count_1,age_range
DB_Dashboard - Participant Data.sql,,Qry_Participant_Data_Count_1,tenure_range
DB_Dashboard - Participant Data.sql,,Qry_Participant_Data_Count_1,gender
DB_Dashboard - Participant Data.sql,,Qry_Participant_Data_Count_1,hourly_salary_status
DB_Dashboard - Participant Data.sql,,Qry_Participant_Data_Count_1,fulltime_parttime_status
DB_Dashboard - Participant Data.sql,,Qry_Participant_Data_Count_1,union_name
DB_Dashboard - Participant Data.sql,,Qry_Participant_Data_Count_1,row_level_security_filter_value
DB_Dashboard - Participant Data.sql,,Qry_Participant_Data_Count_1,custom_filter_1
DB_Dashboard - Participant Data.sql,,Qry_Participant_Data_Count_1,custom_filter_2
DB_Dashboard - Participant Data.sql,,Qry_Participant_Data_Count_1,custom_filter_3
DB_Dashboard - Participant Data.sql,,Qry_Participant_Data_Count_1,custom_filter_4
DB_Dashboard - Participant Data.sql,,Qry_Participant_Data_Count_1,custom_filter_5
DB_Dashboard - Participant Data.sql,,Qry_Participant_Data_Count_1,Plan_ID
DB_Dashboard - Participant Data.sql,,Qry_Participant_Data_Count_1,empl_stat
DB_Dashboard - Participant Data.sql,,Qry_Participant_Data_Count_1,Category
DB_Dashboard - Participant Data.sql,,Qry_Participant_Data_Count_1,To_Date
DB_Dashboard - Participant Data.sql,,Qry_Participant_Data_Count_1,From_Date
DB_Dashboard - Participant Data.sql,,Qry_Participant_Data_Count_1,Count0
DB_Dashboard - Participant Data.sql,,Qry_Participant_Data_Count_2,*
DB_Dashboard - Participant Data.sql,,Qry_Participant_Data_Count_3,Plan
DB_Dashboard - Participant Data.sql,,Qry_Participant_Data_Count_3,Reporting_Month
DB_Dashboard - Participant Data.sql,,Qry_Participant_Data_Count_3,client_id_string
DB_Dashboard - Participant Data.sql,,Qry_Participant_Data_Count_3,salary_range
DB_Dashboard - Participant Data.sql,,Qry_Participant_Data_Count_3,age_range
DB_Dashboard - Participant Data.sql,,Qry_Participant_Data_Count_3,tenure_range
DB_Dashboard - Participant Data.sql,,Qry_Participant_Data_Count_3,gender
DB_Dashboard - Participant Data.sql,,Qry_Participant_Data_Count_3,hourly_salary_status
DB_Dashboard - Participant Data.sql,,Qry_Participant_Data_Count_3,fulltime_parttime_status
DB_Dashboard - Participant Data.sql,,Qry_Participant_Data_Count_3,union_name
DB_Dashboard - Participant Data.sql,,Qry_Participant_Data_Count_3,row_level_security_filter_value
DB_Dashboard - Participant Data.sql,,Qry_Participant_Data_Count_3,custom_filter_1
DB_Dashboard - Participant Data.sql,,Qry_Participant_Data_Count_3,custom_filter_2
DB_Dashboard - Participant Data.sql,,Qry_Participant_Data_Count_3,custom_filter_3
DB_Dashboard - Participant Data.sql,,Qry_Participant_Data_Count_3,custom_filter_4
DB_Dashboard - Participant Data.sql,,Qry_Participant_Data_Count_3,custom_filter_5
DB_Dashboard - Participant Data.sql,,Qry_Participant_Data_Count_3,Plan_ID
DB_Dashboard - Participant Data.sql,,Qry_Participant_Data_Count_3,empl_stat
DB_Dashboard - Participant Data.sql,,Qry_Participant_Data_Count_3,Category
DB_Dashboard - Participant Data.sql,,Qry_Participant_Data_Count_3,To_Date
DB_Dashboard - Participant Data.sql,,Qry_Participant_Data_Count_3,From_Date
DB_Dashboard - Participant Data.sql,,Qry_Participant_Data_Count_3,Count0
DB_Dashboard - Participant Data.sql,,Qry_Participant_Data_Count_4,*
DB_Dashboard - Participant Data.sql,,Query1,*
DB_Dashboard - Participant Data.sql,,Query2,*
DB_Dashboard - Participant Data.sql,,Union3,Plan
DB_Dashboard - Participant Data.sql,,Union3,Count0
DB_Dashboard - Participant Data.sql,,Union3,Reporting_Month
DB_Dashboard - Participant Data.sql,,Union3,(1881
DB_Dashboard - Participant Data.sql,,Union3,Final_Category
DB_Dashboard - Participant Data.sql,,Union3,To_Date
DB_Dashboard - Participant Data.sql,,Union3,From_Date
DB_Dashboard - Participant Data.sql,,Union3,Plan_ID
DB_Dashboard - Participant Data.sql,,Union3,client_id_string
DB_Dashboard - Participant Data.sql,,Union3,salary_range
DB_Dashboard - Participant Data.sql,,Union3,age_range
DB_Dashboard - Participant Data.sql,,Union3,tenure_range
DB_Dashboard - Participant Data.sql,,Union3,gender
DB_Dashboard - Participant Data.sql,,Union3,hourly_salary_status
DB_Dashboard - Participant Data.sql,,Union3,fulltime_parttime_status
DB_Dashboard - Participant Data.sql,,Union3,union_name
DB_Dashboard - Participant Data.sql,,Union3,row_level_security_filter_value
DB_Dashboard - Participant Data.sql,,Union3,custom_filter_1
DB_Dashboard - Participant Data.sql,,Union3,custom_filter_2
DB_Dashboard - Participant Data.sql,,Union3,custom_filter_3
DB_Dashboard - Participant Data.sql,,Union3,custom_filter_4
DB_Dashboard - Participant Data.sql,,Union3,custom_filter_5
DB_Dashboard - Participant Data.sql,,Union3,empl_stat
DB_Dashboard - Participant Data.sql,,Final,Plan
DB_Dashboard - Participant Data.sql,,Final,Count0
DB_Dashboard - Participant Data.sql,,Final,Category
DB_Dashboard - Participant Data.sql,,Final,To_Date
DB_Dashboard - Participant Data.sql,,Final,From_Date
DB_Dashboard - Participant Data.sql,,Final,Plan_ID
DB_Dashboard - Participant Data.sql,,Final,client_id_string
DB_Dashboard - Participant Data.sql,,Final,salary_range
DB_Dashboard - Participant Data.sql,,Final,age_range
DB_Dashboard - Participant Data.sql,,Final,tenure_range
DB_Dashboard - Participant Data.sql,,Final,gender
DB_Dashboard - Participant Data.sql,,Final,hourly_salary_status
DB_Dashboard - Participant Data.sql,,Final,fulltime_parttime_status
DB_Dashboard - Participant Data.sql,,Final,union_name
DB_Dashboard - Participant Data.sql,,Final,row_level_security_filter_value
DB_Dashboard - Participant Data.sql,,Final,custom_filter_1
DB_Dashboard - Participant Data.sql,,Final,custom_filter_2
DB_Dashboard - Participant Data.sql,,Final,custom_filter_3
DB_Dashboard - Participant Data.sql,,Final,custom_filter_4
DB_Dashboard - Participant Data.sql,,Final,custom_filter_5
DB_Dashboard - Participant Data.sql,,Final,empl_stat
DB_Dashboard - Participant Data.sql,,Final,In_Payment
DB_Cash Balance Plans Detail.sql,employee,termination_date,Client_ID
DB_Cash Balance Plans Detail.sql,employee,termination_date,client_id_string
DB_Cash Balance Plans Detail.sql,employee,termination_date,Person_Internal_ID
DB_Cash Balance Plans Detail.sql,employee,termination_date,Employee_ID
DB_Cash Balance Plans Detail.sql,employee,termination_date,Last_Name
DB_Cash Balance Plans Detail.sql,employee,termination_date,First_Name
DB_Cash Balance Plans Detail.sql,employee,termination_date,Middle_Name
DB_Cash Balance Plans Detail.sql,employee,termination_date,Gender
DB_Cash Balance Plans Detail.sql,employee,termination_date,Birth_Date
DB_Cash Balance Plans Detail.sql,employee,termination_date,Original_Hire_Date
DB_Cash Balance Plans Detail.sql,employee,termination_date,platform_id
DB_Cash Balance Plans Detail.sql,employee,termination_date,expected_annual_base_salary
DB_Cash Balance Plans Detail.sql,employee,termination_date,NUMERIC(19
DB_Cash Balance Plans Detail.sql,employee,termination_date,Salary
DB_Cash Balance Plans Detail.sql,employee,termination_date,FLOOR(DATEDIFF(day
DB_Cash Balance Plans Detail.sql,employee,termination_date,birth_date
DB_Cash Balance Plans Detail.sql,employee,termination_date,Age
DB_Cash Balance Plans Detail.sql,employee,termination_date,ROUND(DATEDIFF(DAY
DB_Cash Balance Plans Detail.sql,employee,termination_date,hire_date
DB_Cash Balance Plans Detail.sql,employee,termination_date,25
DB_Cash Balance Plans Detail.sql,employee,termination_date,EXTRACT(YEAR
DB_Cash Balance Plans Detail.sql,employee,termination_date,(person_attributes)
DB_Cash Balance Plans Detail.sql,person_rpt,person,(person_attributes)
DB_Cash Balance Plans Detail.sql,person_rpt,person_employment,(person_attributes)
DB_Cash Balance Plans Detail.sql,adlfound_itg,standard_rollups_lookup,(person_attributes)
DB_Cash Balance Plans Detail.sql,person_itg,person_security_filter,(person_attributes)
DB_Cash Balance Plans Detail.sql,person_itg,person_custom_filter,(person_attributes)
DB_Cash Balance Plans Detail.sql,wealth_rpt,person_planstatus_dim,*
DB_Cash Balance Plans Detail.sql,wealth_rpt,person_planstatus_dim,(person_plan_stat)
DB_Cash Balance Plans Detail.sql,wealth_rpt,dc_category_dim,(person_plan_stat)
DB_Cash Balance Plans Detail.sql,wealth_rpt,db_person_plan,client_id
DB_Cash Balance Plans Detail.sql,wealth_rpt,db_person_plan,platform_id
DB_Cash Balance Plans Detail.sql,wealth_rpt,db_person_plan,platform_person_internal_id
DB_Cash Balance Plans Detail.sql,wealth_rpt,db_person_plan,plan_id
DB_Cash Balance Plans Detail.sql,wealth_rpt,db_person_plan,vesting_service
DB_Cash Balance Plans Detail.sql,wealth_rpt,db_person_plan,benefit_service
DB_Cash Balance Plans Detail.sql,wealth_rpt,db_person_plan,eligibility_service
DB_Cash Balance Plans Detail.sql,wealth_rpt,db_person_plan,participation_date
DB_Cash Balance Plans Detail.sql,wealth_rpt,db_person_plan,early_retirement_date
DB_Cash Balance Plans Detail.sql,wealth_rpt,db_person_plan,normal_retirement_date
DB_Cash Balance Plans Detail.sql,wealth_rpt,db_person_plan,First_vested_date
DB_Cash Balance Plans Detail.sql,wealth_rpt,db_person_plan,hundred_percent_vested_date
DB_Cash Balance Plans Detail.sql,wealth_rpt,db_person_plan,Service_and_eligibility_last_refresh_date
DB_Cash Balance Plans Detail.sql,wealth_rpt,db_person_plan,(db_person_plan)
DB_Cash Balance Plans Detail.sql,,db_cash_balance1,client_id
DB_Cash Balance Plans Detail.sql,,db_cash_balance1,plan_id
DB_Cash Balance Plans Detail.sql,,db_cash_balance1,platform_id
DB_Cash Balance Plans Detail.sql,,db_cash_balance1,platform_person_internal_id
DB_Cash Balance Plans Detail.sql,,db_cash_balance1,account_long_description
DB_Cash Balance Plans Detail.sql,,db_cash_balance1,plan_long_description
DB_Cash Balance Plans Detail.sql,,db_cash_balance1,opening_Balance
DB_Cash Balance Plans Detail.sql,,db_cash_balance1,closing_Balance
DB_Cash Balance Plans Detail.sql,,db_cash_balance1,Pay_credit
DB_Cash Balance Plans Detail.sql,,db_cash_balance1,Interest_credit
DB_Cash Balance Plans Detail.sql,,db_cash_balance1,Asset_transfer_In
DB_Cash Balance Plans Detail.sql,,db_cash_balance1,Asset_transfer_out
DB_Cash Balance Plans Detail.sql,,db_cash_balance1,Converted_in
DB_Cash Balance Plans Detail.sql,,db_cash_balance1,Converted_out
DB_Cash Balance Plans Detail.sql,,db_cash_balance1,disbursement
DB_Cash Balance Plans Detail.sql,,db_cash_balance1,forfeiture
DB_Cash Balance Plans Detail.sql,,db_cash_balance1,Restored_forfeiture
DB_Cash Balance Plans Detail.sql,,db_cash_balance1,Interest_accounting_post_type_code
DB_Cash Balance Plans Detail.sql,,db_cash_balance1,Transfer_in
DB_Cash Balance Plans Detail.sql,,db_cash_balance1,Transfer_out
DB_Cash Balance Plans Detail.sql,,db_cash_balance1,Balance_Roll_in
DB_Cash Balance Plans Detail.sql,,db_cash_balance1,Balance_Roll_out
DB_Cash Balance Plans Detail.sql,,db_cash_balance1,Overage_out
DB_Cash Balance Plans Detail.sql,,db_cash_balance1,(join_db_cash_balance)
DB_Cash Balance Plans Detail.sql,,db_cash_balance2,(join_db_cash_balance)
DB_Cash Balance Plans Detail.sql,employee,termination_date,
DB_Cash Balance Plans Detail.sql,person_rpt,person,
DB_Cash Balance Plans Detail.sql,person_rpt,person_employment,
DB_Cash Balance Plans Detail.sql,adlfound_itg,standard_rollups_lookup,
DB_Cash Balance Plans Detail.sql,person_itg,person_security_filter,
DB_Cash Balance Plans Detail.sql,person_itg,person_custom_filter,
DB_Cash Balance Plans Detail.sql,wealth_rpt,person_planstatus_dim,
DB_Cash Balance Plans Detail.sql,wealth_rpt,dc_category_dim,
DB_Cash Balance Plans Detail.sql,wealth_rpt,db_person_plan,
DB_Cash Balance Plans Detail.sql,wealth_rpt,db_cash_balance,
DB_Cash Balance Plans Detail.sql,wealth_rpt,buysell_fund_prices,
DB_Cash Balance Plans Detail.sql,wealth_rpt,hardbalance_dim,
DB_Cash Balance Plans Detail.sql,,db_cash_balance1,
DB_Cash Balance Plans Detail.sql,,db_cash_balance2,
DB_Cash Balance Plans Detail.sql,,person_attributes,
DB_Cash Balance Plans Detail.sql,,join_db_cash_balance,
DB_Cash Balance Plans Detail.sql,,person_plan_stat,
DB_Cash Balance Plans Detail.sql,,db_person_plan,
DB_Cash Balance Plans Detail.sql,,join_person_cashbal,
DB_Cash Balance Plans Detail.sql,adlfound_itg,standard_ranges_lookup,
DB_Cash Balance Plans Detail.sql,adlfound_rpt,standard_range_lookup,
DB_Cash Balance Plans Detail.sql,,main,
DB_Cash Balance Plans Detail.sql,employee,termination_date,Client_ID
DB_Cash Balance Plans Detail.sql,employee,termination_date,client_id_string
DB_Cash Balance Plans Detail.sql,employee,termination_date,Person_Internal_ID
DB_Cash Balance Plans Detail.sql,employee,termination_date,Employee_ID
DB_Cash Balance Plans Detail.sql,employee,termination_date,Last_Name
DB_Cash Balance Plans Detail.sql,employee,termination_date,First_Name
DB_Cash Balance Plans Detail.sql,employee,termination_date,Middle_Name
DB_Cash Balance Plans Detail.sql,employee,termination_date,Gender
DB_Cash Balance Plans Detail.sql,employee,termination_date,Birth_Date
DB_Cash Balance Plans Detail.sql,employee,termination_date,Original_Hire_Date
DB_Cash Balance Plans Detail.sql,employee,termination_date,platform_id
DB_Cash Balance Plans Detail.sql,employee,termination_date,expected_annual_base_salary
DB_Cash Balance Plans Detail.sql,employee,termination_date,NUMERIC(19
DB_Cash Balance Plans Detail.sql,employee,termination_date,Salary
DB_Cash Balance Plans Detail.sql,employee,termination_date,FLOOR(DATEDIFF(day
DB_Cash Balance Plans Detail.sql,employee,termination_date,birth_date
DB_Cash Balance Plans Detail.sql,employee,termination_date,Age
DB_Cash Balance Plans Detail.sql,employee,termination_date,ROUND(DATEDIFF(DAY
DB_Cash Balance Plans Detail.sql,employee,termination_date,hire_date
DB_Cash Balance Plans Detail.sql,employee,termination_date,25
DB_Cash Balance Plans Detail.sql,employee,termination_date,EXTRACT(YEAR
DB_Cash Balance Plans Detail.sql,wealth_rpt,person_planstatus_dim,*
DB_Cash Balance Plans Detail.sql,wealth_rpt,db_person_plan,client_id
DB_Cash Balance Plans Detail.sql,wealth_rpt,db_person_plan,platform_id
DB_Cash Balance Plans Detail.sql,wealth_rpt,db_person_plan,platform_person_internal_id
DB_Cash Balance Plans Detail.sql,wealth_rpt,db_person_plan,plan_id
DB_Cash Balance Plans Detail.sql,wealth_rpt,db_person_plan,vesting_service
DB_Cash Balance Plans Detail.sql,wealth_rpt,db_person_plan,benefit_service
DB_Cash Balance Plans Detail.sql,wealth_rpt,db_person_plan,eligibility_service
DB_Cash Balance Plans Detail.sql,wealth_rpt,db_person_plan,participation_date
DB_Cash Balance Plans Detail.sql,wealth_rpt,db_person_plan,early_retirement_date
DB_Cash Balance Plans Detail.sql,wealth_rpt,db_person_plan,normal_retirement_date
DB_Cash Balance Plans Detail.sql,wealth_rpt,db_person_plan,First_vested_date
DB_Cash Balance Plans Detail.sql,wealth_rpt,db_person_plan,hundred_percent_vested_date
DB_Cash Balance Plans Detail.sql,wealth_rpt,db_person_plan,Service_and_eligibility_last_refresh_date
DB_Cash Balance Plans Detail.sql,wealth_rpt,db_cash_balance,client_id
DB_Cash Balance Plans Detail.sql,wealth_rpt,db_cash_balance,plan_id
DB_Cash Balance Plans Detail.sql,wealth_rpt,db_cash_balance,platform_person_internal_id
DB_Cash Balance Plans Detail.sql,wealth_rpt,db_cash_balance,hard_balance_id
DB_Cash Balance Plans Detail.sql,wealth_rpt,db_cash_balance,platform_id
DB_Cash Balance Plans Detail.sql,wealth_rpt,db_cash_balance,account_long_description
DB_Cash Balance Plans Detail.sql,wealth_rpt,db_cash_balance,plan_long_description
DB_Cash Balance Plans Detail.sql,wealth_rpt,db_cash_balance,daily_price)
DB_Cash Balance Plans Detail.sql,wealth_rpt,db_cash_balance,opening_Balance
DB_Cash Balance Plans Detail.sql,wealth_rpt,db_cash_balance,closing_Balance
DB_Cash Balance Plans Detail.sql,wealth_rpt,db_cash_balance,pay_credit_amount)
DB_Cash Balance Plans Detail.sql,wealth_rpt,db_cash_balance,Pay_credit
DB_Cash Balance Plans Detail.sql,wealth_rpt,db_cash_balance,interest_amount)
DB_Cash Balance Plans Detail.sql,wealth_rpt,db_cash_balance,Interest_credit
DB_Cash Balance Plans Detail.sql,wealth_rpt,db_cash_balance,asset_in_amount)
DB_Cash Balance Plans Detail.sql,wealth_rpt,db_cash_balance,Asset_transfer_In
DB_Cash Balance Plans Detail.sql,wealth_rpt,db_cash_balance,asset_out_amount)
DB_Cash Balance Plans Detail.sql,wealth_rpt,db_cash_balance,Asset_transfer_out
DB_Cash Balance Plans Detail.sql,wealth_rpt,db_cash_balance,converted_in_amount)
DB_Cash Balance Plans Detail.sql,wealth_rpt,db_cash_balance,Converted_in
DB_Cash Balance Plans Detail.sql,wealth_rpt,db_cash_balance,converted_out_amount)
DB_Cash Balance Plans Detail.sql,wealth_rpt,db_cash_balance,Converted_out
DB_Cash Balance Plans Detail.sql,wealth_rpt,db_cash_balance,disbursement_payment_amount)
DB_Cash Balance Plans Detail.sql,wealth_rpt,db_cash_balance,disbursement
DB_Cash Balance Plans Detail.sql,wealth_rpt,db_cash_balance,forfeiture_amount)
DB_Cash Balance Plans Detail.sql,wealth_rpt,db_cash_balance,forfeiture
DB_Cash Balance Plans Detail.sql,wealth_rpt,db_cash_balance,restored_forfieted_amounts)
DB_Cash Balance Plans Detail.sql,wealth_rpt,db_cash_balance,Restored_forfeiture
DB_Cash Balance Plans Detail.sql,wealth_rpt,db_cash_balance,Interest_accounting_post_type_code
DB_Cash Balance Plans Detail.sql,wealth_rpt,db_cash_balance,transfer_in_amount)
DB_Cash Balance Plans Detail.sql,wealth_rpt,db_cash_balance,Transfer_in
DB_Cash Balance Plans Detail.sql,wealth_rpt,db_cash_balance,transfer_out_amount)
DB_Cash Balance Plans Detail.sql,wealth_rpt,db_cash_balance,Transfer_out
DB_Cash Balance Plans Detail.sql,wealth_rpt,db_cash_balance,roll_in_amount)
DB_Cash Balance Plans Detail.sql,wealth_rpt,db_cash_balance,Balance_Roll_in
DB_Cash Balance Plans Detail.sql,wealth_rpt,db_cash_balance,roll_out_amount)
DB_Cash Balance Plans Detail.sql,wealth_rpt,db_cash_balance,Balance_Roll_out
DB_Cash Balance Plans Detail.sql,wealth_rpt,db_cash_balance,overage_out_amount)
DB_Cash Balance Plans Detail.sql,wealth_rpt,db_cash_balance,Overage_out
DB_Cash Balance Plans Detail.sql,,db_cash_balance1,client_id
DB_Cash Balance Plans Detail.sql,,db_cash_balance1,plan_id
DB_Cash Balance Plans Detail.sql,,db_cash_balance1,platform_id
DB_Cash Balance Plans Detail.sql,,db_cash_balance1,platform_person_internal_id
DB_Cash Balance Plans Detail.sql,,db_cash_balance1,account_long_description
DB_Cash Balance Plans Detail.sql,,db_cash_balance1,plan_long_description
DB_Cash Balance Plans Detail.sql,,db_cash_balance1,opening_Balance
DB_Cash Balance Plans Detail.sql,,db_cash_balance1,closing_Balance
DB_Cash Balance Plans Detail.sql,,db_cash_balance1,Pay_credit
DB_Cash Balance Plans Detail.sql,,db_cash_balance1,Interest_credit
DB_Cash Balance Plans Detail.sql,,db_cash_balance1,Asset_transfer_In
DB_Cash Balance Plans Detail.sql,,db_cash_balance1,Asset_transfer_out
DB_Cash Balance Plans Detail.sql,,db_cash_balance1,Converted_in
DB_Cash Balance Plans Detail.sql,,db_cash_balance1,Converted_out
DB_Cash Balance Plans Detail.sql,,db_cash_balance1,disbursement
DB_Cash Balance Plans Detail.sql,,db_cash_balance1,forfeiture
DB_Cash Balance Plans Detail.sql,,db_cash_balance1,Restored_forfeiture
DB_Cash Balance Plans Detail.sql,,db_cash_balance1,Interest_accounting_post_type_code
DB_Cash Balance Plans Detail.sql,,db_cash_balance1,Transfer_in
DB_Cash Balance Plans Detail.sql,,db_cash_balance1,Transfer_out
DB_Cash Balance Plans Detail.sql,,db_cash_balance1,Balance_Roll_in
DB_Cash Balance Plans Detail.sql,,db_cash_balance1,Balance_Roll_out
DB_Cash Balance Plans Detail.sql,,db_cash_balance1,Overage_out
DB_Cash Balance Plans Detail.sql,,person_attributes,Client_ID
DB_Cash Balance Plans Detail.sql,,person_attributes,client_id_string
DB_Cash Balance Plans Detail.sql,,person_attributes,Person_Internal_ID
DB_Cash Balance Plans Detail.sql,,person_attributes,platform_id
DB_Cash Balance Plans Detail.sql,,person_attributes,Employee_ID
DB_Cash Balance Plans Detail.sql,,person_attributes,Last_Name
DB_Cash Balance Plans Detail.sql,,person_attributes,First_Name
DB_Cash Balance Plans Detail.sql,,person_attributes,Middle_Name
DB_Cash Balance Plans Detail.sql,,person_attributes,Gender
DB_Cash Balance Plans Detail.sql,,person_attributes,age
DB_Cash Balance Plans Detail.sql,,person_attributes,Birth_Date
DB_Cash Balance Plans Detail.sql,,person_attributes,Original_Hire_Date
DB_Cash Balance Plans Detail.sql,,person_attributes,Tenure
DB_Cash Balance Plans Detail.sql,,person_attributes,salary
DB_Cash Balance Plans Detail.sql,,person_attributes,Person_Type
DB_Cash Balance Plans Detail.sql,,person_attributes,Employment_Status
DB_Cash Balance Plans Detail.sql,,person_attributes,Employment_Status_Begin_Date
DB_Cash Balance Plans Detail.sql,,person_attributes,FullTime_PartTime
DB_Cash Balance Plans Detail.sql,,person_attributes,Salary_Hourly
DB_Cash Balance Plans Detail.sql,,person_attributes,union_name
DB_Cash Balance Plans Detail.sql,,person_attributes,Plan_Status
DB_Cash Balance Plans Detail.sql,,person_attributes,row_level_security_filter_value
DB_Cash Balance Plans Detail.sql,,person_attributes,custom_filter_1
DB_Cash Balance Plans Detail.sql,,person_attributes,custom_filter_2
DB_Cash Balance Plans Detail.sql,,person_attributes,custom_filter_3
DB_Cash Balance Plans Detail.sql,,person_attributes,custom_filter_4
DB_Cash Balance Plans Detail.sql,,person_attributes,custom_filter_5
DB_Cash Balance Plans Detail.sql,,person_attributes,account_long_description
DB_Cash Balance Plans Detail.sql,,person_attributes,plan_name
DB_Cash Balance Plans Detail.sql,,person_attributes,opening_Balance
DB_Cash Balance Plans Detail.sql,,person_attributes,closing_Balance
DB_Cash Balance Plans Detail.sql,,person_attributes,Pay_credit
DB_Cash Balance Plans Detail.sql,,person_attributes,Interest_credit
DB_Cash Balance Plans Detail.sql,,person_attributes,Asset_transfer_In
DB_Cash Balance Plans Detail.sql,,person_attributes,Asset_transfer_out
DB_Cash Balance Plans Detail.sql,,person_attributes,Converted_in
DB_Cash Balance Plans Detail.sql,,person_attributes,Converted_out
DB_Cash Balance Plans Detail.sql,,person_attributes,disbursement
DB_Cash Balance Plans Detail.sql,,person_attributes,forfeiture
DB_Cash Balance Plans Detail.sql,,person_attributes,Restored_forfeiture
DB_Cash Balance Plans Detail.sql,,person_attributes,Interest_accounting_post_type_code
DB_Cash Balance Plans Detail.sql,,person_attributes,Transfer_in
DB_Cash Balance Plans Detail.sql,,person_attributes,Transfer_out
DB_Cash Balance Plans Detail.sql,,person_attributes,Balance_Roll_in
DB_Cash Balance Plans Detail.sql,,person_attributes,Balance_Roll_out
DB_Cash Balance Plans Detail.sql,,person_attributes,Overage_out
DB_Cash Balance Plans Detail.sql,,person_attributes,vesting_service
DB_Cash Balance Plans Detail.sql,,person_attributes,benefit_service
DB_Cash Balance Plans Detail.sql,,person_attributes,eligibility_service
DB_Cash Balance Plans Detail.sql,,person_attributes,participation_date
DB_Cash Balance Plans Detail.sql,,person_attributes,early_retirement_date
DB_Cash Balance Plans Detail.sql,,person_attributes,normal_retirement_date
DB_Cash Balance Plans Detail.sql,,person_attributes,First_vested_date
DB_Cash Balance Plans Detail.sql,,person_attributes,hundred_percent_vested_date
DB_Cash Balance Plans Detail.sql,,person_attributes,Service_and_eligibility_last_refresh_date
DB_Cash Balance Plans Detail.sql,,join_person_cashbal,Client_ID
DB_Cash Balance Plans Detail.sql,,join_person_cashbal,client_id_string
DB_Cash Balance Plans Detail.sql,,join_person_cashbal,platform_person_internal_id
DB_Cash Balance Plans Detail.sql,,join_person_cashbal,Platform_id
DB_Cash Balance Plans Detail.sql,,join_person_cashbal,Employee_ID
DB_Cash Balance Plans Detail.sql,,join_person_cashbal,Last_Name
DB_Cash Balance Plans Detail.sql,,join_person_cashbal,First_Name
DB_Cash Balance Plans Detail.sql,,join_person_cashbal,Middle_Name
DB_Cash Balance Plans Detail.sql,,join_person_cashbal,Gender
DB_Cash Balance Plans Detail.sql,,join_person_cashbal,Birth_Date
DB_Cash Balance Plans Detail.sql,,join_person_cashbal,Original_Hire_Date
DB_Cash Balance Plans Detail.sql,,join_person_cashbal,salary
DB_Cash Balance Plans Detail.sql,,join_person_cashbal,age
DB_Cash Balance Plans Detail.sql,,join_person_cashbal,Tenure
DB_Cash Balance Plans Detail.sql,,join_person_cashbal,Person_Type
DB_Cash Balance Plans Detail.sql,,join_person_cashbal,Employment_Status
DB_Cash Balance Plans Detail.sql,,join_person_cashbal,Employment_Status_Begin_Date
DB_Cash Balance Plans Detail.sql,,join_person_cashbal,FullTime_PartTime
DB_Cash Balance Plans Detail.sql,,join_person_cashbal,Salary_Hourly
DB_Cash Balance Plans Detail.sql,,join_person_cashbal,Union
DB_Cash Balance Plans Detail.sql,,join_person_cashbal,Plan_Status
DB_Cash Balance Plans Detail.sql,,join_person_cashbal,Age_Range
DB_Cash Balance Plans Detail.sql,,join_person_cashbal,Salary_Range
DB_Cash Balance Plans Detail.sql,,join_person_cashbal,Employment_Range
DB_Cash Balance Plans Detail.sql,,join_person_cashbal,row_level_security_filter_value
DB_Cash Balance Plans Detail.sql,,join_person_cashbal,custom_filter_1
DB_Cash Balance Plans Detail.sql,,join_person_cashbal,custom_filter_2
DB_Cash Balance Plans Detail.sql,,join_person_cashbal,custom_filter_3
DB_Cash Balance Plans Detail.sql,,join_person_cashbal,custom_filter_4
DB_Cash Balance Plans Detail.sql,,join_person_cashbal,custom_filter_5
DB_Cash Balance Plans Detail.sql,,join_person_cashbal,account
DB_Cash Balance Plans Detail.sql,,join_person_cashbal,plan_name
DB_Cash Balance Plans Detail.sql,,join_person_cashbal,vesting_service
DB_Cash Balance Plans Detail.sql,,join_person_cashbal,benefit_service
DB_Cash Balance Plans Detail.sql,,join_person_cashbal,eligibility_service
DB_Cash Balance Plans Detail.sql,,join_person_cashbal,participation_date
DB_Cash Balance Plans Detail.sql,,join_person_cashbal,early_retirement_date
DB_Cash Balance Plans Detail.sql,,join_person_cashbal,normal_retirement_date
DB_Cash Balance Plans Detail.sql,,join_person_cashbal,First_vested_date
DB_Cash Balance Plans Detail.sql,,join_person_cashbal,hundred_percent_vested_date
DB_Cash Balance Plans Detail.sql,,join_person_cashbal,Service_and_eligibility_last_refresh_date
DB_Cash Balance Plans Detail.sql,,join_person_cashbal,opening_Balance
DB_Cash Balance Plans Detail.sql,,join_person_cashbal,closing_Balance
DB_Cash Balance Plans Detail.sql,,join_person_cashbal,Pay_credit
DB_Cash Balance Plans Detail.sql,,join_person_cashbal,Interest_credit
DB_Cash Balance Plans Detail.sql,,join_person_cashbal,Asset_transfer_In
DB_Cash Balance Plans Detail.sql,,join_person_cashbal,Asset_transfer_out
DB_Cash Balance Plans Detail.sql,,join_person_cashbal,Converted_in
DB_Cash Balance Plans Detail.sql,,join_person_cashbal,Converted_out
DB_Cash Balance Plans Detail.sql,,join_person_cashbal,disbursement
DB_Cash Balance Plans Detail.sql,,join_person_cashbal,forfeiture
DB_Cash Balance Plans Detail.sql,,join_person_cashbal,Restored_forfeiture
DB_Cash Balance Plans Detail.sql,,join_person_cashbal,Interest_accounting_post_type_code
DB_Cash Balance Plans Detail.sql,,join_person_cashbal,Transfer_in
DB_Cash Balance Plans Detail.sql,,join_person_cashbal,Transfer_out
DB_Cash Balance Plans Detail.sql,,join_person_cashbal,Balance_Roll_in
DB_Cash Balance Plans Detail.sql,,join_person_cashbal,Balance_Roll_out
DB_Cash Balance Plans Detail.sql,,join_person_cashbal,Overage_out
DB_Cash Balance Plans Detail.sql,adlfound_itg,standard_ranges_lookup,*
DB_Cash Balance Plans Detail.sql,adlfound_rpt,standard_range_lookup,*
DB_Cash Balance Plans Detail.sql,,main,*
